"customer_id","date","rating","reviewText","imageCount","helpfulCount","nonHelpfulCount"
"2760277","16 –∞–ø—Ä–µ–ª—è, 19:09","5","–°–∞–º–∏ –±—Ä—é–∫–∏ –Ω–∞ +100500. –ù–æ —Ä–∞–∑–º–µ—Ä –¥–∞–∂–µ –±–ª–∏–∑–∫–æ –Ω–µ —Å–æ–æ—Ç–≤–µ—Ç—Å—Ç–≤—É–µ—Ç –∫–∞–∫ –º–∏–Ω–∏–º—É–º –Ω–∞ 2 —Ä–∞–∑–º–µ—Ä–∞. –ù–∞ –º–æ—é —Ç–∞–ª–∏—é (72—Å–º) –Ω–µ —Ö–≤–∞—Ç–∏–ª–∞ –≤ –ø–æ—è—Å–µ –µ—â–µ –ø—Ä–∏–º–µ—Ä–Ω–æ 10 —Å–º. –í —à—Ç–∞–Ω–∏–Ω–∏–Ω—ã –µ–ª–µ –≤—Ç–∏—Å–Ω—É–ª–∞—Å—å.... –ü—Ä–æ—à—É –∏–∑–º–µ–Ω–∏—Ç—å —Ä–∞–∑–º–µ—Ä–Ω—É—é —Å–µ—Ç–∫—É –Ω–∞ —Å–∞–π—Ç–µ –∏ –Ω–µ —É—á–∏—Ç—ã–≤–∞—Ç—å –≤ –≤—ã–∫—É–ø–∞",0,"0","0"
"18121057","14 –∞–ø—Ä–µ–ª—è, 18:37","5","–ù–∞ –±–µ–¥—Ä–∞ 110 –ø–æ–¥–æ—à–µ–ª 29 —Ä–∞–∑–º–µ—Ä. –ë—Ä—é—á–∫–∏ –¥–µ–π—Å—Ç–≤–∏—Ç–µ–ª—å–Ω–æ —à—É—Ä—à–∞—Ç, –Ω–æ —ç—Ç–æ –≤—Å–µ –º–∏–Ω—É—Å—ã. –î–ª–∏–Ω–∞ –ø–æ–¥–æ—à–ª–∞ –∏–¥–µ–∞–ª—å–Ω–æ.",0,"0","0"
"13883470","25 –º–∞—Ä—Ç–∞, 16:19","5","—Ä–∞–∑–º–µ—Ä —Å–æ–æ—Ç–≤–µ—Ç—Å—Ç–≤—É–µ—Ç, —Å—Ç–∏–ª—å –±–∞–Ω–∞–Ω—ã",0,"0","0"
"6751563","22 –º–∞—Ä—Ç–∞, 13:33","5","26 –π —Ä–∞–∑–º–µ—Ä —Ç–æ—á–Ω–æ –Ω–µ –Ω–∞ 48,–¥–∞–∂–µ –Ω–µ –∑–∞—Å—Ç—ë–≥–∏–≤–∞—é—Ç—Å—è.",0,"1","1"
"1290995","20 –º–∞—Ä—Ç–∞, 15:46","5","–°–æ–æ—Ç–≤–µ—Ç—Å—Ç–≤—É—é—Ç –æ–ø–∏—Å–∞–Ω–∏—é, –∏–¥—É—Ç –≤ —Ä–∞–∑–º–µ—Ä!",0,"0","0"
"16513165","6 –º–∞—Ä—Ç–∞, 14:47","5","–ù–∞ 52-54 –≤–∑—è–ª–∞ 29, —Å–µ–ª–∏ —Ö–æ—Ä–æ—à–æ. –ö –∞–∫ –ø–∏—Å–∞–ª–∏ —Ä–∞–Ω–µ–µ, –∫–∞–∫–∏–µ-—Ç–æ —à—É—Ä—à–∞—â–∏–µ, –∫–∞–∫ –±—É–º–∞–≥–∞, –∞ –≤—Ä–æ–¥–µ –∏ –Ω–∏—á–µ–≥–æ, —Ç–æ–Ω–∫–∏–π –≤–µ–ª—å–≤–µ—Ç, —Ö/–±. –ï—â–µ –ø–æ–¥—É–º–∞—é –¥–æ–º–∞.",2,"2","0"
"10121333","3 –º–∞—Ä—Ç–∞, 22:19","5","–Ω–µ —Å–æ–æ—Ç–≤–µ—Ç—Å—Ç–≤—É–µ—Ç —Ä–∞–∑–º–µ—Ä—É,–≤ –ø–æ—è—Å–µ –æ—á–µ–Ω—å —à–∏—Ä–æ–∫–æ",0,"1","0"
"4587832","3 –º–∞—Ä—Ç–∞, 14:55","5","–ë—Ä—é–∫–∏ –Ω–µ –ø–ª–æ—Ö–æ–≥–æ –∫–∞—á–µ—Å—Ç–≤–∞ –Ω–∞ —Å–∏–ª—å–Ω–æ –º–∞–ª–æ–º–µ—Ä—è—Ç –Ω–∞ –¥–≤–∞ —Ä–∞–∑–º–µ—Ä–∞ .",0,"0","0"
"27045124","28 —Ñ–µ–≤—Ä–∞–ª—è, 11:18","5","–ö–ª–∞—Å—Å–Ω—ã–µ –±—Ä—é—á–∫–∏, –æ—á–µ–Ω—å –∂–¥–∞–ª–∞ –∏—Ö. –ù–æ –∫ —Å–æ–∂–∞–ª–µ–Ω–∏—é –≤–æ–∑–≤—Ä–∞—Ç, –∑–∞–∫–∞–∑–∞–ª–∞ —Å–≤–æ–π —Ä–∞–∑–º–µ—Ä, –Ω–æ –æ–∫–∞–∑–∞–ª–æ—Å—å —Å–∏–ª—å–Ω–æ –º–∞–ª–æ–º–µ—Ä—è—Ç. –ë—É–¥—É –ø–µ—Ä–µ–∑–∞–∫–∞–∑—ã–≤–∞—Ç—å –Ω–∞ –±–æ–ª—å—à–∏–π —Ä–∞–∑–º–µ—Ä. –ü—Ä–æ—à—É –Ω–µ —É—á–∏—Ç—ã–≤–∞—Ç—å % –≤—ã–∫—É–ø–∞",0,"0","1"
"20976395","25 —Ñ–µ–≤—Ä–∞–ª—è, 17:28","3","–ß–∏—Ç–∞–ª–∞ –∫–æ–º–º–µ–Ω—Ç–∞—Ä–∏–∏, –ø–∏—à—É—Ç, —á—Ç–æ –º–∞–ª–æ–º–µ—Ä—è—Ç, –≤–∑—è–ª–∞ –±–æ—Ä–¥–æ–≤—ã–µ 31 –∏ 32 —Ä–∞–∑–º–µ—Ä, –æ–∫–∞–∑–∞–ª–∏—Å—å –≤–µ–ª–∏–∫–∏ –Ω–∞ –º–æ–∏ –û–¢-95, –û–ë-114, –±—É–¥—É –∑–∞–∫–∞–∑—ã–≤–∞—Ç—å –º–µ–Ω—å—à–µ —Ä–∞–∑–º–µ—Ä–æ–º. –í —Ü–µ–ª–æ–º —Å–º–æ—Ç—Ä—è—Ç—Å—è —Ö–æ—Ä–æ—à–æ. –ü—Ä–æ—à—É –Ω–µ —Å–Ω–∏–º–∞—Ç—å % –≤—ã–∫—É–ø–∞.",1,"4","0"
"17676844","20 —Ñ–µ–≤—Ä–∞–ª—è, 18:52","5","–∫–ª–∞—Å—Å–Ω—ã–µ,–∫–∞—Ä–º–∞–Ω—ã –ø—Ä–∏–¥–∞—é—Ç —Ñ–æ—Ä–º—É, –Ω–æ –º–∞–ª–æ–º–µ—Ä–∏—Ç. –û–∫–∞–∑–∞–ª–∏—Å—å –º–∞–ª—ã, –±—Ä–∞–ª–∞ 46 (24)...–æ—Ç–∫–∞–∑. –ü–µ—Ä–µ–∑–∞–∫–∞–∑–∞–ª–∞ –Ω–∞ –±–æ–ª—å—à–∏–π —Ä–∞–∑–º–µ—Ä!",0,"0","0"
"10115949","13 —Ñ–µ–≤—Ä–∞–ª—è, 17:01","5","–ö–ª–∞—Å—Å–Ω—ã–µ, –ø–æ–¥–æ—à–ª–∏ –Ω–∞ 52 –∏–¥–µ–∞–ª—å–Ω–æ. –ê –≤–æ—Ç –±–æ—Ä–¥–æ–≤—ã–µ –≤–µ–ª–∏–∫–∏.",0,"0","0"
"10873741","11 —Ñ–µ–≤—Ä–∞–ª—è, 9:08","5","–∫–ª–∞—Å—Å–Ω—ã–µ –≤–µ–ª—å–≤–µ—Ç–æ–≤—ã–µ –±—Ä—é—á–∫–∏, –Ω–∞ –ø—Ä–∏–º–µ—Ä–∫–µ –Ω–µ–º–Ω–æ–≥–æ –±—ã–ª–∏ –±–æ–ª—å—à–∏–µ –≤ —Ç–∞–ª–∏–∏, –Ω–æ —ç—Ç–æ –Ω–µ –ø—Ä–æ–±–ª–µ–º–∞. –í –æ–ø–∏—Å–∞–Ω–∏–∏ —É–∫–∞–∑–∞–Ω–æ, —á—Ç–æ —ç–ª–∞—Å—Ç–∞–Ω–∞ 5%, –Ω–∞ —ç—Ç–∏–∫–µ—Ç–∫–µ-2, –∞ –Ω–∞ —Å–∞–º–æ–º –¥–µ–ª–µ –µ–≥–æ —Ç–∞–º –Ω–µ—Ç –≤–æ–æ–±—â–µ. –ü–æ—Å–ª–µ —Ç–æ–≥–æ –∫–∞–∫ –æ–¥–µ–ª–∞ 2 —Ä–∞–∑ —à—Ç–∞–Ω—ã –ø—Ä–∏—à–ª–æ—Å—å –ª–æ–≤–∏—Ç—å –Ω–∞ –∫–æ–ª–µ–Ω–∫–∞—Ö. –ò —á—Ç–æ —Ç–µ–ø–µ—Ä—å —Å –Ω–∏–º–∏ –¥–µ–ª–∞—Ç—å –Ω–µ –∑–Ω–∞—é. –ú–æ–∂–µ—Ç –º–∞–≥–∞–∑–∏–Ω –≤–æ–∑—å–º–µ—Ç –∏—Ö –Ω–∞ —ç–∫—Å–ø–µ—Ä—Ç–∏–∑—É –¥–ª—è –ø—Ä–æ–≤–µ—Ä–∫–∏ –Ω–∞ —Å–æ–æ—Ç–≤–µ—Ç—Å—Ç–≤–∏–µ –∑–∞—è–≤–ª–µ–Ω–Ω—ã–º —Ö–∞—Ä–∞–∫—Ç–µ—Ä–∏—Å—Ç–∏–∫–∞–º –∏ —Ç–æ–º—É –∏–∑ —á–µ–≥–æ —Å—à–∏—Ç—ã –±—Ä—é–∫–∏. –°–ø–∞—Å–∏–±–æ",0,"3","0"
"8126580","30 —è–Ω–≤–∞—Ä—è, 13:16","5","–ù–µ –≤–ø–µ—á–∞—Ç–ª–∏–ª–∏.",0,"1","2"
"24857830","27 —è–Ω–≤–∞—Ä—è, 14:01","5","–ë—Ä—é—á–∫–∏ —Ö–æ—Ä–æ—à–∏–µ,–Ω–µ —Ç—è–Ω—É—Ç—Å—è –∏ —Å–æ–æ—Ç–≤–µ—Ç—Å—Ç–≤—É—é—Ç —Ä–∞–∑–º–µ—Ä–Ω–æ–º—É —Ä—è–¥—É .–°–ø–∞—Å–∏–±–æ.",1,"2","0"
"1480592","15 —è–Ω–≤–∞—Ä—è, 15:02","5","–•–æ—Ä–æ—à–∏–µ –±—Ä—é—á–∫–∏,–≤—Å–µ —Å–æ–æ—Ç–≤–µ—Ç—Å—Ç–≤—É–µ—Ç.",0,"0","1"
"12614178","3 —è–Ω–≤–∞—Ä—è, 21:41","5","–û—á–µ–Ω—å –∫–ª–∞—Å—Å–Ω—ã–µ, —Å–æ–æ—Ç–≤–µ—Ç—Å—Ç–≤—É—é—Ç —Ä–∞–∑–∏–µ—Ä—É",0,"0","2"
"5591400","3 —è–Ω–≤–∞—Ä—è, 17:17","5","–±—Ä—é–∫–∏ –æ—á–µ–Ω—å —É–∑–∫–∏–µ –≤ —â–∏–∫–æ–ª–æ—Ç–∫–µ, –µ–ª–µ –≤–ª–µ–∑–ª–∞ –Ω–æ–≥–∞, —Ç–∫–∞–Ω—å –æ—á–µ–Ω—å —Ç–æ–Ω–∫–∞—è, –Ω–∞–ø–æ–º–∏–Ω–∞–µ—Ç –±—É–º–∞–≥—É. –°–æ —Å–≤–æ–∏–º 46 —Ä–∞–∑–º–µ—Ä–æ–º –∑–∞—Å—Ç–µ–≥–Ω—É–ª–∞ —Å —Ç—Ä—É–¥–æ–º, –ø–æ—è—Å –¥–∞–≤–∏—Ç –Ω–∞ –∂–∏–≤–æ—Ç, —ç–ª–∞—Å—Ç–∞–Ω–∞ –Ω–µ—Ç, –±—Ä—é–∫–∏ –Ω–µ —Ç—è–Ω—É—Ç—Å—è . –ù–µ –ª—é–±–ª—é –∫–æ–≥–¥–∞ –Ω–µ –∫–æ–º—Ñ–æ—Ä—Ç–Ω–æ, –¥–∞–≤–∏—Ç –≥–¥–µ-—Ç–æ, –ø–æ—ç—Ç–æ–º—É –æ—Ç–∫–∞–∑. –≠—Ç–∏ –±—Ä—é–∫–∏ –±–æ–ª—å—à–µ –ø–æ–¥–æ–π–¥—É—Ç –Ω–∞ –æ—Å–µ–Ω—å-–≤–µ—Å–Ω—É, —á–µ–º –Ω–∞ –Ω–∞—à—É —Å–∏–±–∏—Ä—Å–∫—É—é –∑–∏–º—É.",0,"5","1"
"8487076","21 –¥–µ–∫–∞–±—Ä—è 2019, 14:17","5","–ù–∞ —Å–≤–æ–π 54 –≤–∑—è–ª–∞ –∏—Ö 30-–π. –°–∏–¥—è—Ç –ø—Ä–µ–∫—Ä–∞—Å–Ω–æ, –¥–æ —ç—Ç–æ–≥–æ –±—Ä–∞–ª–∞ —Å–∏–Ω–∏–µ, —Ç–æ–∂–µ –æ—á–µ–Ω—å –∫—Ä–∞—Å–∏–≤—ã–µ –∏ —É–¥–æ–±–Ω—ã–µ.",0,"6","0"
"8487076","1 —è–Ω–≤–∞—Ä—è, 7:52","5","–°–µ—Ä—ã–µ –±—Ä—é–∫–∏ —É –º–µ–Ω—è —É–∂–µ —Ç—Ä–µ—Ç—å—è –ø–∞—Ä–∞, –¥–æ —ç—Ç–æ–≥–æ –±—Ä–∞–ª–∞ –∫—Ä–∞—Å–Ω—ã–µ –∏ —Å–∏–Ω–∏–µ. –ù–∞ 54 —Ä–∞–∑–º–µ—Ä —á—ë—Ç–∫–æ —Å–∞–¥–∏—Ç—Å—è 30. –û—á–µ–Ω—å —Ö–æ—Ä–æ—à–∏–µ –±—Ä—é–∫–∏, –∫–∞—á–µ—Å—Ç–≤–µ–Ω–Ω—ã–µ, –Ω–µ –ª–∏–ø–Ω–µ—Ç –∫ –Ω–∏–º –≤—Å—ë —Ç–∞–∫, –∫–∞–∫ –¥—É–º–∞–ª–∞ –±—É–¥–µ—Ç –ª–∏–ø–Ω—É—Ç—å. –ü–æ—Å–ª–µ —Å—Ç–∏—Ä–∫–∏ –Ω–∞ 40¬∞ –Ω–µ –ª–∏–Ω—è—é—Ç, –Ω–µ —Å–∞–¥—è—Ç—Å—è. –°–ø–∞—Å–∏–±–æ –ø—Ä–æ–∏–∑–≤–æ–¥–∏—Ç–µ–ª—é!",0,"0","0"
"9878204","30 –¥–µ–∫–∞–±—Ä—è 2019, 6:57","5","–û—Ç–ª–∏—á–Ω—ã–µ –±—Ä—é–∫–∏ –∏–∑ –º–∏–∫—Ä–æ–≤–µ–ª—å–≤–µ—Ç–∞, —Å–æ—Å—Ç–∞–≤, —Ü–µ–Ω–∞ –ø–æ—Ä–∞–¥–æ–≤–∞–ª–∏.",0,"1","1"
"23951","28 –¥–µ–∫–∞–±—Ä—è 2019, 18:40","3","–ù–∞ —Ä–æ—Å—Ç 172 –∫–æ—Ä–æ—Ç–∫–∏–µ —Å–∏–ª—å–Ω–æ, –ø–æ —â–∏–∫–æ–ª–æ—Ç–∫—É, —Ç–∫–∞–Ω—å —Ç–æ–Ω–∫–∞—è, –Ω–∞ —Ä–∞–∑–º–µ—Ä 50 –Ω–µ –∑–∞–ª–µ–∑–ª–∏.",0,"4","0"
"5526213","26 –¥–µ–∫–∞–±—Ä—è 2019, 12:57","2","–ë—Ä—é–∫–∏,—Ä–∞–∑–º–µ—Ä—É —Å–æ–æ—Ç–≤–µ—Ç—Å—Ç–≤—É—é—Ç, 48-50. –ù–∞–¥–µ–ª–∞ 1 —Ä–∞–∑ –∏ –æ–±–Ω–∞—Ä—É–∂–∏–ª–∞ –¥—ã—Ä–∫—É —Å –ª–∏—Ü–µ–≤–æ–π —Å—Ç—Ä–æ–Ω—ã –Ω–æ–≥–∏. –ù–µ –∫–∞—á–µ—Å—Ç–≤–µ–Ω–Ω—ã–π –º–∞—Ç–µ—Ä–∏–∞–ª. –ü–æ–¥–∞–ª–∞ –∑–∞—è–≤–∫—É –Ω–∞ –ø—Ä–æ–≤–µ—Ä–∫—É –∫–∞—á–µ—Å—Ç–≤–∞.",0,"4","1"
"20824895","17 –¥–µ–∫–∞–±—Ä—è 2019, 15:10","5","–ë—Ä—é–∫–∏ —Å—à–∏—Ç—ã —Ö–æ—Ä–æ—à–æ, –∫ –∫–∞—á–µ—Å—Ç–≤—É –ø—Ä–µ—Ç–µ–Ω–∑–∏–π –Ω–µ—Ç. –ù–µ–º–Ω–æ–≥–æ –Ω–µ —Ç–∞ –¥–ª–∏–Ω–∞ –∫–∞–∫ –±—ã–ª–∞ –∑–∞—è–≤–ª–µ–Ω–∞, –Ω–æ –º–æ–∂–Ω–æ –Ω–æ—Å–∏—Ç—å –∫–∞–∫ —É–∫–æ—Ä–æ—á–µ–Ω–Ω—ã–π –≤–∞—Ä–∏–∞–Ω—Ç.",0,"1","1"
"11124682","17 –¥–µ–∫–∞–±—Ä—è 2019, 8:23","2","–æ—á–µ–Ω—å —É–∑–∫–∏–µ —à—Ç–∞–Ω–∏–Ω–∏—ã - –≤ —â–∏–∫–æ–ª–æ—Ç–∫–µ –Ω–æ–≥–∞ –Ω–µ –ø—Ä–æ–ª–µ–∑–ª–∞, –Ω–µ —Å–º–æ–≥–ª–∞ –ø–æ–º–µ—Ä–∏—Ç—å –ø–æ—ç—Ç–æ–º—É –æ—Ç–∫–∞–∑.",0,"2","0"
"21122119","16 –¥–µ–∫–∞–±—Ä—è 2019, 14:21","5","–ë—Ä—é–∫–∏ –≤—ã–ø–æ–ª–Ω–µ–Ω –∏–∑ –æ—á–µ–Ω—å —Ç–æ–Ω–∫–æ–≥–æ –º–∞—Ç–µ—Ä–∏–∞–ª–∞ –≤–µ–ª—å–≤–µ—Ç –µ–¥–≤–∞ –∑–∞–º–µ—Ç–µ–Ω —Ç–∞–∫–æ–µ –≤–ø–µ—á–∞—Ç–ª–µ–Ω–∏–µ —á—Ç–æ —Ç–∫–∞–Ω—å –æ–¥–Ω–æ—Ä–∞–∑–æ–≤–∞—è –∫–∞–∫ –±—É–º–∞–≥–∞ - –≤–æ–∑–≤—Ä–∞—Ç",0,"1","0"
"4786296","16 –¥–µ–∫–∞–±—Ä—è 2019, 10:46","5","–º–∞–ª–æ–º–µ—Ä—è—Ç, –Ω–µ —Å–æ—à–ª–∏—Å—å –≤ —Ç–∞–ª–∏–∏",0,"0","2"
"9497256","13 –¥–µ–∫–∞–±—Ä—è 2019, 20:29","5","–ú–Ω–µ 24-–π —Ä–∞–∑–º–µ—Ä –Ω–∞ –º–æ–π —Ä–æ—Å—Å–∏–π—Å–∫–∏–π 46-–π –Ω–µ –ø–æ–¥–æ—à–µ–ª, –º–∞–ª–æ–º–µ—Ä—è—Ç.",0,"2","1"
"13583793","13 –¥–µ–∫–∞–±—Ä—è 2019, 19:22","5","–ö–∞—á–µ—Å—Ç–≤–æ –æ—Ç–ª–∏—á–Ω–æ–µ. –ù–µ–±–æ–ª—å—à–æ–π —Å—Ç—Ä–µ–π—á –µ—Å—Ç—å. –ú–Ω–µ –Ω–µ–º–Ω–æ–≥–æ –∫—Ä–æ–π –Ω–µ –ø–æ–¥–æ—à—ë–ª.",0,"1","1"
"4617260","12 –¥–µ–∫–∞–±—Ä—è 2019, 12:26","4","–£ –±—Ä—é–∫ –Ω–∏–∑–∫–∞—è –ø–æ—Å–∞–¥–∫–∞. –í –æ–ø—É—à–∫–µ - 95 —Å–º. –ù–∞ —É—Ä–æ–≤–Ω–µ –±–µ–¥–µ—Ä ( —É –æ—Å–Ω–æ–≤–∞–Ω–∏—è –º–æ–ª–Ω–∏–∏ ) - 110 —Å–º. –î–ª–∏–Ω–∞ –ø–æ –≤–Ω—É—Ç—Ä–µ–Ω–Ω–µ–º—É —à–≤—É - 77 —Å–º. –®–∏—Ä–∏–Ω–∞ –Ω–∏–∑–∞ –±—Ä—é–∫ 16 —Å–º. –¢–∫–∞–Ω—å —Ç–æ–Ω–∫–∞—è –ù–∞ –º–æ–π —Ä–∞–∑–º–µ—Ä, –≥–¥–µ –û–¢ 94 —Å–º, –û–ë 105 —Å–º, —ç—Ç–∏ –±—Ä—é–∫–∏ –ø–æ–¥–æ—à–ª–∏. –ù–æ —Ö–æ—á–µ—Ç—Å—è –±—Ä—é–∫–∏ –∑–∞—É–∑–∏—Ç—å –æ—Ç –Ω–∞—á–∞–ª–∞ –±–µ–¥—Ä–∞ –¥–æ —É—Ä–æ–≤–Ω—è –∫–æ–ª–µ–Ω–∞. –û–¥–Ω–∞–∫–æ –≤ —Å–æ—Å—Ç–∞–≤–µ —Ç–∫–∞–Ω–∏ –≤—Å–µ–≥–æ 2 % —ç–ª–∞—Å—Ç–∞–Ω–∞. –¢–∫–∞–Ω—å –≤ –º–µ–ª–∫–∏–π —Ä—É–±—á–∏–∫, –Ω–µ —Ç—è–Ω–µ—Ç—Å—è, –Ω–µ–º–Ω–æ–≥–æ —Å–æ–±—Ä–∞–ª–∞ –Ω–∞ —Å–µ–±—è –∫–æ—à–∞—á–∏–π –ø—É—Ö. –ö–∞—á–µ—Å—Ç–≤–æ –ø–æ—à–∏–≤–∞ –±—Ä—é–∫ –æ—Ç–ª–∏—á–Ω–æ–µ. –í –¥–∞–ª—å–Ω–µ–π—à–µ–º –Ω–∞–ø–∏—à—É, –∫–∞–∫ –±—Ä—é–∫–∏ –±—É–¥—É—Ç –≤—ã–≥–ª—è–¥–µ—Ç—å –ø–æ—Å–ª–µ —Ä—É—á–Ω–æ–π —Å—Ç–∏—Ä–∫–∏. –†–µ–∫–æ–º–µ–Ω–¥—É—é —Å –æ—Å—Ç–æ—Ä–æ–∂–Ω–æ—Å—Ç—å—é.",0,"9","0"
"15270068","11 –¥–µ–∫–∞–±—Ä—è 2019, 7:48","5","–ë—Ä—é–∫–∏ —Ö–æ—Ä–æ—à–∏–µ, —É—é—Ç–Ω—ã–µ. –ü–æ—Å–∞–¥–∫–∞ —Å—Ä–µ–¥–Ω—è—è. –° —Ä–∞–∑–º–µ—Ä–æ–º —Ä–∞–∑–æ–±—Ä–∞–ª–∞—Å—å —Å 3-–≥–æ —Ä–∞–∑–∞...–≤—Å–µ —Ç–∞–∫–∏ –Ω—É–∂–Ω–æ –±—Ä–∞—Ç—å –Ω–∞ —Ä–∞–∑–º–µ—Ä –±–æ–ª—å—à–µ, —á–µ–º –∑–∞—è–≤–ª–µ–Ω–æ –≤ —Ä–∞–∑–º–µ—Ä–Ω–æ–π —Å–µ—Ç–∫–µ. –ú–æ–π —Ä–∞–∑–º–µ—Ä 46, –∏–Ω–æ–≥–¥–∞ 44 –±–µ—Ä—É...–≠—Ç–∏ –±—Ä—é–∫–∏ 26 —Ä–∞–∑–º–µ—Ä —Å–∞–º—ã–π —Ç–æ –æ–∫–∞–∑–∞–ª–æ—Å—å....",0,"4","1"
"12873269","10 –¥–µ–∫–∞–±—Ä—è 2019, 14:03","5","–¢–∫–∞–Ω—å –Ω–µ –æ—á–µ–Ω—å –ø–ª–æ—Ç–Ω–∞—è, —ç—Ç–æ –º–æ–¥–µ–ª—å –æ—Å–µ–Ω–∏ –∏–ª–∏ –≤–µ—Å–Ω—ã. –°–µ–ª–∏ —Ö–æ—Ä–æ—à–æ, –ø–æ—Å–∞–¥–∫–∞ –≤—ã—Å–æ–∫–∞—è. –ù–µ–º–Ω–æ–≥–æ —É–∂–µ –≤–Ω–∏–∑—É —á–µ–º –Ω–∞ —Ñ–æ—Ç–æ, —Å–º–æ—Ç—Ä—è—Ç—Å—è –Ω–æ—Ä–º–∞–ª—å–Ω–æ. –Ø –≤–∑—è–ª–∞.",0,"2","1"
"8001994","1 –¥–µ–∫–∞–±—Ä—è 2019, 11:03","3","–ù–µ—á—Ç–æ –Ω–µ–ª–µ–ø–æ–µ –∏ –¥–æ–ø–æ—Ç–æ–ø–Ω–æ–µ –ø–æ —Ñ–∞—Å–æ–Ω—É, –Ω–∏–∑–∫–∞—è –ø–æ—Å–∞–¥–∫–∞, —à–∏—Ä–æ—á–µ–Ω–Ω—ã–µ —à—Ç–∞–Ω–∏–Ω—ã. –ü—Ä–∏ —Ö—Ä–∞–Ω–µ–Ω–∏–∏ –≤—Å–µ —à–≤—ã –∏ –ø—É–≥–æ–≤–∏—Ü—ã –æ—Ç–ø–µ—á–∞—Ç–∞–Ω—ã –Ω–∞ –¥—Ä—É–≥–æ–π —Å—Ç–æ—Ä–æ–Ω–µ, –≤—ã–≥–ª—è–¥–∏—Ç, –∫–∞–∫ –∑–∞–Ω–æ—à–µ–Ω–Ω—ã–µ. –¶–≤–µ—Ç - –Ω–µ–ø–ª–æ—Ö–æ–π, –Ω–∞ –ª—é–±–∏—Ç–µ–ª—è, –∫–∞–∫ –∑–∞—Å—Ç–∏—Ä–∞–Ω–Ω—ã–µ.",0,"3","0"
"4977025","30 –Ω–æ—è–±—Ä—è 2019, 17:28","5","–¢–æ–Ω–∫–∏–µ.–Ω–µ–∫–∞—á–µ—Å—Ç–≤–µ–Ω–Ω—ã–µ –±—Ä—é–∫–∏ –¥–ª—è —Ä–∞–±–æ—á–∏—Ö –ø–æ —É–±–æ—Ä–∫–µ.–ö–∞–∫ –º–æ–∂–Ω–æ —Ç–∞–∫–æ–π –¥–æ–ø–æ—Ç–æ–ø–Ω—ã–π —Ç–æ–≤–∞—Ä –ø—Ä–µ–¥–ª–∞–≥–∞—Ç—å?",0,"1","1"
"4222243","27 –Ω–æ—è–±—Ä—è 2019, 19:47","5","–ë—Ä—é–∫–∏ –ø–æ–¥–æ—à–ª–∏, —Ä–∞–∑–º–µ—Ä –≤ —Ä–∞–∑–º–µ—Ä, –Ω–æ—à—É 46, –æ—Ç–ª–∏—á–Ω–æ –ø–æ–¥–æ—à–ª–∏ –∏ –¥–ª–∏–Ω–∞ –∏ –≤—Å—ë –æ—Å—Ç–∞–ª—å–Ω–æ–µ. –û–±–æ–∂–∞—é –≤–µ–ª—å–≤–µ—Ç, —Å–ø–∞—Å–∏–±–æ.",0,"1","1"
"5119441","23 –Ω–æ—è–±—Ä—è 2019, 14:22","5","–ù–µ –∑–Ω–∞—é,–∫–æ–º—É –ø–æ–∫–∞–∑–∞–ª–∏—Å—å –º–∞–ª–æ–º–µ—Ä–∫–∞–º–∏...—Ç–∞–∫ —è –ø—Ä–∏ —Å–≤–æ–µ–º —Ä–∞–∑–º–µ—Ä–µ 48 /–≤–µ—Ä—Ö/,–±–µ–¥—Ä–∞ ~50 –≤ 30 —Ä–∞–∑–º–µ—Ä–µ –ø—Ä–æ–∏–∑–≤–æ–¥–∏—Ç–µ–ª—è —É—Ç–æ–Ω—É–ª–∞.–ù–∞ –º–æ–µ —Å—á–∞—Å—Ç—å–µ –æ—Å—Ç–∞–ª—Å—è –ø–æ—Å–ª–µ–¥–Ω–∏–π —Ä–∞–∑–º–µ—Ä 27,—Å–¥–µ–ª–∞–Ω –ø–µ—Ä–µ–∑–∞–∫–∞–∑. –ö–ê–ß–ï–°–¢–í–û –û–¢–õ–ò–ß–ù–û–ï –∏ –¶–í–ï–¢ –Ω–∞—Å—ã—â–µ–Ω–Ω—ã–π –ë–û–†–î–û!",0,"4","1"
"4759276","22 –Ω–æ—è–±—Ä—è 2019, 13:40","4","–°–º—É—Ç–∏–ª —Ü–≤–µ—Ç. –û–Ω –Ω–µ –≤–∏—à–Ω–µ–≤—ã–π, –∞ –∫–∞–∫–æ–π —Ç–æ —Ç–µ–º–Ω–æ-—Ä–æ–∑–æ–≤—ã–π –ª–∏–Ω—è–ª—ã–π. –ê —Ç–∞–∫ —Ö–æ—Ä–æ—à–∏–µ –±—Ä—é—á–∫–∏, –∫–∞—á–µ—Å—Ç–≤–µ–Ω–Ω—ã–µ.",0,"2","0"
"22027489","19 –Ω–æ—è–±—Ä—è 2019, 15:05","5","–û–æ–æ–æ–æ—á–µ–Ω—å –º–∞–ª–æ–º–µ—Ä—è—Ç. 32 ,—Å–∫–æ—Ä–µ–µ –Ω–∞ 50-52, –∞ –Ω–µ –∫–∞–∫ –Ω–∏ 56. –û–±–∏–¥–Ω–æ,—à–∏–∫–∞—Ä–Ω—ã–µ!!!",0,"1","0"
"7095285","15 –Ω–æ—è–±—Ä—è 2019, 14:41","5","–ë—Ä—é–∫–∏ –æ—á–µ–Ω—å –ø–æ–Ω—Ä–∞–≤–∏–ª–∏—Å—å. –ü–æ—Å–∞–¥–∫–∞ –Ω–æ—Ä–º–∞–ª—å–Ω–∞—è, –Ω–µ –Ω–∏–∑–∫–∞—è, –∫–∞–∫ –ø–∏—à—É—Ç. –¶–≤–µ—Ç —Ö–æ—Ä–æ—à–∏–π. –§–∞—Å–æ–Ω —Ç–æ, —á—Ç–æ –Ω—É–∂–Ω–æ. –ú–Ω–µ –ø–æ–¥–æ—à–ª–∏.",0,"1","1"
"12900052","12 –Ω–æ—è–±—Ä—è 2019, 12:20","5","–ë—Ä—é–∫–∏ –æ—á–µ–Ω—å –ø–æ–Ω—Ä–∞–≤–∏–ª–∏—Å—å –∏ –∫–∞—á–µ—Å—Ç–≤–æ, –∏ –ø–æ—à–∏–≤! –ù–∞ —Å–≤–æ–π —Ä–∞–∑–º–µ—Ä —Ä–æ—Å. 54 (–æ—Ç 93, –æ–±. 114) –≤–∑—è–ª–∞ 29, –∫–∞–∫ –Ω–∞ –º–µ–Ω—è —à–∏–ª–∏. –û—á–µ–Ω—å –ø–æ–º–æ–≥–ª–∏ –æ—Ç–∑—ã–≤—ã. –°–ø–∞—Å–∏–±–æ!",0,"2","0"
"9347221","10 –Ω–æ—è–±—Ä—è 2019, 15:34","2","–¢–æ–Ω–∫–∞—è —Ç–∫–∞–Ω—å –∏ –æ—á–µ–Ω—å –º–∞–ª–æ–º–µ—Ä—è—Ç.",1,"2","7"
"12318094","8 –Ω–æ—è–±—Ä—è 2019, 22:34","5","–ï–ª–µ–Ω–∞.–ù–∞ –ø–∞—Ä–∞–º–µ—Ç—Ä—ã 80/74/102 26 —Ä–∞–∑–º–µ—Ä –ø–æ–¥–æ—à–µ–ª –∏–¥–µ–∞–ª—å–Ω–æ. –ö—Ä–∞—Å–∏–≤—ã–µ –±—Ä—é—á–∫–∏, –∫–∞—á–µ—Å—Ç–≤–µ–Ω–Ω—ã–π –ø–æ—à–∏–≤ .–û–∂–∏–¥–∞–ª–∞, —á—Ç–æ –±—É–¥—É—Ç –ø–ª–æ—Ç–Ω–µ–µ , –Ω–æ –Ω–∞ —Ç–µ–ø–ª—É—é –æ—Å–µ–Ω—å –∏ –≤–µ—Å–Ω—É –æ—á–µ–Ω—å –¥–∞–∂–µ —Ö–æ—Ä–æ—à–æ. –í–∑—è–ª–∞ –¥–≤—É—Ö —Ü–≤–µ—Ç–æ–≤ –∑–µ–ª–µ–Ω—ã–π –∏ –∫—Ä–∞—Å–Ω—ã–π., —Ç–∞–∫ –∫–∞–∫ —Å–æ —Å–∫–∏–¥–∫–æ–π –ø–æ–ª—É—á–∏–ª–∞—Å—å –ø—Ä–∏–µ–º–ª–µ–º–∞—è —Ü–µ–Ω–∞ —á—Ç–æ-—Ç–æ –æ–∫–æ–ª–æ 2 700 —Ä—É–±–ª–µ–π. –ü–æ–∫—É–ø–∫–æ–π –æ—á–µ–Ω—å –¥–æ–≤–æ–ª—å–Ω–∞.–°–ø–∞—Å–∏–±–æ!",0,"1","0"
"7380010","26 –º–∞—è 2019, 16:36","5","–ó–∞–º–µ—á–∞—Ç–µ–ª—å–Ω—ã–µ –±—Ä—é–∫–∏, –ø—Ä–µ–≤–æ—Å—Ö–æ–¥–Ω–æ–µ –∫–∞—á–µ—Å—Ç–≤–æ –ø–æ—à–∏–≤–∞, —Ü–≤–µ—Ç –±–ª–∞–≥–æ—Ä–æ–¥–Ω—ã–π —Å–µ—Ä—ã–π ( –≥—Ä–∞—Ñ–∏—Ç–æ–≤—ã–π), –ø–æ–¥–æ—à–ª–∏ –∏–¥–µ–∞–ª—å–Ω–æ –Ω–∞ —Å—Ç–∞–Ω–¥–∞—Ä—Ç–Ω—ã–π 46 —Ä–∞–∑–º–µ—Ä –∏ —Ä–æ—Å—Ç 164 —Å–º, —Ä–µ–∫–æ–º–µ–Ω–¥—É—é:)",0,"3","0"
"11823465","3 –Ω–æ—è–±—Ä—è 2019, 18:31","5","–î–∞–≤–Ω–æ –Ω–æ—à—É —ç—Ç—É –º–∞—Ä–∫—É –∏–∑ –∑–∞ –≤—ã—Å–æ–∫–æ–π –ø–æ—Å–∞–¥–∫–∏. –ù–æ —ç—Ç–∏ —Ä–∞–∑–æ—á–∞—Ä–æ–≤–∞–ª–∏-–æ—á–µ–Ω—å –Ω–∏–∑–∫–∏–µ. –ù–æ –º–æ–¥–µ–ª—å –∏–Ω—Ç–µ—Ä–µ—Å–Ω–∞—è, –≤–∑—è–ª–∞. –•–æ—Ç–µ–ª–æ—Å—å –¥—Ä—É–≥–∏–µ —Ü–≤–µ—Ç–∞, –Ω–æ –ø–æ—Å–∞–¥–∫–∞...",0,"2","0"
"12372204","30 –æ–∫—Ç—è–±—Ä—è 2019, 13:45","3","–ù–µ –º–æ–π —Ñ–∞—Å–æ–Ω—á–∏–∫. –¶–≤–µ—Ç –Ω–∞ –∫–∞—Ä—Ç–∏–Ω–∫–µ –Ω–∞–º–Ω–æ–≥–æ —è—Ä—á–µ. –ü–æ—Å–∞–¥–∫–∞ –¥–æ—Å—Ç–∞—Ç–æ—á–Ω–æ –Ω–∏–∑–∫–∞—è.",0,"4","0"
"17818408","27 –æ–∫—Ç—è–±—Ä—è 2019, 22:59","5","–û—Ç–ª–∏—á–Ω—ã–µ –±—Ä—é—á–∫–∏üëñ)))üëç–ß—É—Ç–æ—á–∫—É —Å–≤–æ–±–æ–¥–Ω—ã –≤ —Ç–∞–ª–∏–∏. –ü–æ–∫—É–ø–∫–æ–π –¥–æ–≤–æ–ª—å–Ω–∞, —Å–ø–∞—Å–∏–±–æ –º–∞–≥–∞–∑–∏–Ω—Éüòâ",0,"0","1"
"19199849","26 –æ–∫—Ç—è–±—Ä—è 2019, 12:25","5","–ë—Ä—é–∫–∏ –ø—Ä—è–º–æ–≥–æ –∫—Ä–æ—è, –Ω–µ —Å–∫–∏–Ω–∏, —Ö–æ—Ä–æ—à–æ —Å–µ–ª–∏ –ø–æ –¥–ª–∏–Ω–µ –Ω–∞ —Ä–æ—Å—Ç 161, –Ω–æ –±–æ–ª—å—à–µ–º–µ—Ä—è—Ç –Ω–∞ –æ–¥–∏–Ω —Ä–∞–∑–º–µ—Ä. –ë—É–¥—É –ø–µ—Ä–µ–∑–∞–∫–∞–∑—ã–≤–∞—Ç—å –Ω–∞ —Ä–∞–∑–º–µ—Ä –º–µ–Ω—å—à–µ.",0,"0","1"
"19101690","25 –æ–∫—Ç—è–±—Ä—è 2019, 12:38","3","–ö–∞—á–µ—Å—Ç–≤–æ –Ω–µ–ø–ª–æ—Ö–æ–µ, –Ω–æ –∑–∞—è–≤–ª–µ–Ω–Ω—ã–π 25 —Ä–∞–∑–º–µ—Ä –Ω–∞—à–µ–º—É 46-48 –Ω–µ —Å–æ–æ—Ç–≤–µ—Ç—Å—Ç–≤—É–µ—Ç, –æ–∫–∞–∑–∞–ª–∏—Å—å —É–∑–∫–∏. –û—Ç–∫–∞–∑.",0,"0","2"
"6732007","24 –æ–∫—Ç—è–±—Ä—è 2019, 22:13","3","–ë—Ä—é–∫–∏ –Ω–µ —Ç–æ —á—Ç–æ –±–æ–ª—å—à–µ–º–µ—Ä—è—Ç, –æ–Ω–∏ –æ–≥—Ä–æ–º–Ω—ã–µ.",0,"0","0"
"9964929","23 –æ–∫—Ç—è–±—Ä—è 2019, 12:39","2","–ù–µ –ø–æ–Ω—Ä–∞–≤–∏–ª–∏—Å—å —Å–æ–≤–µ—Ä—à–µ–Ω–Ω–æ! –ó–∞–∫–∞–∑–∞–ª–∞ 2 —Ä–∞–∑–º–µ—Ä–∞, –Ω–∏ –æ–¥–Ω–∏ –Ω–µ —Å–µ–ª–∏ –Ω–∞ –º–µ–Ω—è, –æ—á–µ–Ω—å —É–∑–∫–∏–µ –¥–ª–∏–Ω–Ω—ã–µ —à—Ç–∞–Ω–∏–Ω—ã, –µ–ª–µ –≤–ª–µ–∑–ª–∞, –Ω–æ –ø—Ä–æ—Å—Ç–æ –æ–≥—Ä–æ–º–Ω—ã–µ –≤ —Ç–∞–ª–∏–∏,–±–æ–ª—Ç–∞–ª–∏—Å—å –Ω–∞ 2 —Ä–∞–∑–º–µ—Ä–∞ –±–æ–ª—å—à–µ! –ù–∞ –Ω–µ—Å—Ç–∞–Ω–¥–∞—Ä—Ç–Ω—É—é —Ñ–∏–≥—É—Ä—É. –ù–µ —Ä–µ–∫–æ–º–µ–Ω–¥—É—é! –∫–∞—á–µ—Å—Ç–≤–æ —Ö–æ—Ä–æ—à–µ–µ.",0,"3","0"
"3901430","18 –æ–∫—Ç—è–±—Ä—è 2019, 20:49","5","–û—Ç–ª–∏—á–Ω—ã–µ –±—Ä—é–∫–∏,—Ü–≤–µ—Ç –∏–∑—É–º–∏—Ç–µ–ª—å–Ω—ã–π.–°–µ–ª–∏ –ø–æ —Ñ–∏–≥—É—Ä–µ,–Ω–µ–º–Ω–æ–≥–æ —Å—Ç—Ä–µ–π—á,–∫ –Ω–∏–∑—É –∑–∞—É–∂–µ–Ω—ã,–ø–æ —Ä–æ—Å—Ç—É –Ω–∞–¥–æ –±—É–¥–µ—Ç –ø–æ–¥—à–∏—Ç—å –Ω–µ–º–Ω–æ–≥–æ,–Ω–µ –ø—Ä–æ–±–ª–µ–º–∞.–ö–∞—á–µ—Å—Ç–≤–æ –Ω–µ –≤—ã–∑—ã–≤–∞–µ—Ç –≤–æ–ø—Ä–æ—Å–æ–≤, —Ä–µ–∫–æ–º–µ–Ω–¥—É—é.",0,"2","0"
"4904233","17 –æ–∫—Ç—è–±—Ä—è 2019, 15:49","5","–ë—Ä—é—á–∫–∏ –æ—á–µ–Ω—å –Ω–µ–ø–ª–æ—Ö–∏–µ: —Ñ–∞—Å–æ–Ω, –ø–æ—à–∏–≤, —Ö–ª–æ–ø–∫–æ–≤—ã–µ..–ù–æ –Ω–∞ —Å–≤–æ–π –ø–æ–ª–Ω—ã–π(—Å –Ω–µ–±–æ–ª—å—à–∏–º –∂–∏–≤–æ—Ç–∏–∫–æ–º) 52—Ä. –≤–∑—è–ª–∞ –Ω–∞ —Ä–∞–∑–º–µ—Ä –ø–æ–±–æ–ª—å—à–µ, –∞ –±–æ–∫–∞ –≤—Å–µ —Ä–∞–≤–Ω–æ –Ω–µ —É—à–ª–∏, –ø–æ–¥–≤–∏—Å–ª–∏ –∏–∑-–∑–∞ —Å—Ä–µ–¥–Ω–µ–π, –∞ –Ω–µ –≤—ã—Å–æ–∫–æ–π –ø–æ—Å–∞–¥–∫–∏..–û—Ç–∫–∞–∑.",0,"1","0"
"11170380","7 –æ–∫—Ç—è–±—Ä—è 2019, 20:25","5","–ù–∞ –æ–±—å–µ–º —Ç–∞–ª–∏–∏ 90 –∏ –æ–±—å–µ–º –±–µ–¥–µ—Ä 113 —Å–µ–ª–∏ —Ö–æ—Ä–æ—à–æ. –ù–∞ —Ä–æ—Å—Ç 168 –¥–ª–∏–Ω–∞ –ø–æ–¥—Ö–æ–¥–∏—Ç. –ü–æ—Å–∞–¥–∫–∞ –Ω–∞ —É—Ä–æ–≤–Ω–µ –ø—É–ø–∫–∞.",0,"5","3"
"20613664","7 –æ–∫—Ç—è–±—Ä—è 2019, 7:38","5","–ö–ª–∞—Å—Å–Ω—ã–µ –±—Ä—é–∫–∏, –∫–∞—á–µ—Å—Ç–≤–æ –æ—Ç–ª–∏—á–Ω–æ–µ, —Ä–∞–∑–º–µ—Ä —Å–æ–æ—Ç–≤–µ—Ç—Å—Ç–≤—É–µ—Ç.",0,"1","0"
"1122675","6 –æ–∫—Ç—è–±—Ä—è 2019, 14:36","3","–ù–∞ —Ä–æ—Å—Ç 170 –∫–∞–∫ –∫–∞–ø—Ä–∏ ü§¶‚Äç‚ôÄÔ∏è",0,"7","0"
"13305734","3 –æ–∫—Ç—è–±—Ä—è 2019, 13:41","4","–ë—Ä—é–∫–∏ —Ö–æ—Ä–æ—à–∏. –°–µ–ª–∏ –≤ –±–µ–¥—Ä–∞—Ö –∏ –Ω–∞ —Ç–∞–∑ –æ—Ç–ª–∏—á–Ω–æ. –ù–æ –æ–∫–∞–∑–∞–ª–∏—Å—å –Ω–∞ —Ä–æ—Å—Ç 166—Å–º –∫–æ—Ä–æ—Ç–∫–∏–µ –∏ –ø—Ä–æ—Ä–µ–∑—å —É —Å—Ç—É–ø–Ω–∏ —É–∑–∫–æ–≤–∞—Ç–∞, —É –º–µ–Ω—è –≤—ã—Å–æ–∫–∏–π –ø–æ–¥—ä–µ–º —É –Ω–æ–≥–∏ –∏ –ø—Ä–æ—Ö–æ–¥–∏–ª–∏ —Å—Ç—É–ø–Ω–∏ –ø—Ä—è–º —Å —Ç—Ä—É–¥–æ–º –≤ –±—Ä—é–∫–∏. –ñ–∞–ª—å, –∞ —Ç–∞–∫ –±—ã –≤–∑—è–ª–∞.",0,"3","0"
"16711834","3 –æ–∫—Ç—è–±—Ä—è 2019, 11:58","5","–ë—Ä—é–∫–∏ –æ—Ç–ª–∏—á–Ω–æ–≥–æ –∫–∞—á–µ—Å—Ç–≤–∞, –Ω–∞ –º–æ–π –æ–± 94, –æ—Ç68, —Å–µ–ª–∏ —Ö–æ—Ä–æ—à–æ –ø–æ –±–µ–¥—Ä–∞–º, –ø–æ—Å–∞–¥–∫–∞ –Ω–µ–≤—ã—Å–æ–∫–∞—è, –Ω–æ –Ω–µ–º–Ω–æ–≥–æ –≤–µ–ª–∏–∫–æ–≤–∞—Ç, —ç—Ç–æ –ª–µ–≥–∫–æ —Ä–µ—à–∞–µ—Ç—Å—è - —Ä–µ–º–µ—à–æ–∫. –ó–∞—É–∂–µ–Ω—ã –∫ –Ω–∏–∑—É. –¶–≤–µ—Ç –∑–∞–º–µ—á–∞—Ç–µ–ª—å–Ω—ã–π, —à–≤—ã —Ä–æ–≤–Ω—ã–µ, –Ω–∏–∫–∞–∫–∏—Ö –Ω–∏—Ç–æ–∫. –ö–æ—Ä–æ—á–µ, –¥–∞–∂–µ –Ω–µ –∑–∞—Å–æ–º–Ω–µ–≤–∞–ª–∞—Å—å.",0,"7","0"
"4946271","2 –æ–∫—Ç—è–±—Ä—è 2019, 13:01","5","–û—á–µ–Ω—å –∂–∞–ª—å, –Ω–æ –±—Ä—é–∫–∏ –Ω–µ —Å–µ–ª–∏ –Ω–∞ –º–æ—é —Ñ–∏–≥—É—Ä—É. –û–Ω–∏ —Å–æ–≤—Å–µ–º –±–µ–∑ —Å—Ç—Ä–µ–π—á–∞. –î–æ –∫–æ–ª–µ–Ω–∞ —Ö–æ—Ä–æ—à–æ, –∞ –≤ –±–µ–¥—Ä–∞—Ö —à–∏—Ä–æ–∫–æ. –•–æ—Ä–æ—à–∏–π —Ö–ª–æ–ø–∫–æ–≤—ã–π –≤–µ–ª—å–≤–µ—Ç. –ù–∞ –ª–µ—Ç–æ —Å–∞–º–æ–µ —Ç–æ",0,"3","0"
"8292787","2 –æ–∫—Ç—è–±—Ä—è 2019, 9:22","5","–û—á–µ–Ω—å –¥–æ–±—Ä–æ—Ç–Ω—ã–µ, –∫–∞—á–µ—Å—Ç–≤–µ–Ω–Ω—ã–µ –±—Ä—é—á–∫–∏. –¶–≤–µ—Ç –∫—Ä–∞—Å–∏–≤—ã–π. –ù–æ –ø–æ—á–µ–º—É-—Ç–æ –Ω–∞ –ø–æ–ª–Ω–æ—Ü–µ–Ω–Ω—ã–π 46-–π —Ä–∞–∑–º–µ—Ä –æ–∫–∞–∑–∞–ª–∏—Å—å –º–∞–ª—ã. –û—á–µ–Ω—å —Å—Ç—Ä–∞–Ω–Ω–æ. –í–µ–¥—å –±–æ–ª—å—à–∏–Ω—Å—Ç–≤–æ –ø–∏—à–µ—Ç, —á—Ç–æ –±–æ–ª—å—à–µ–º–µ—Ä—è—Ç. –û—Ç–∫–∞–∑.",0,"1","1"
"16419453","6 —Å–µ–Ω—Ç—è–±—Ä—è 2019, 10:11","5","–ö–∞—á–µ—Å—Ç–≤–æ –∫–∞–∫ –≤—Å–µ–≥–¥–∞ —É —ç—Ç–æ–≥–æ –ø—Ä–æ–∏–∑–≤–æ–¥–∏—Ç–µ–ª—è –Ω–∞ –≤—ã—Å–æ—Ç–µ). –≠—Ç–æ –∏–º–µ–Ω–Ω–æ –º–∏–∫—Ä–æ–≤–µ–ª—å–≤–µ—Ç, –∞ –Ω–µ –≤–µ–ª—é—Ä. –•–ª–æ–ø–æ–∫. –ú–Ω–µ —Ç—Ä—É–¥–Ω–æ –ø–æ–¥–æ–±—Ä–∞—Ç—å –±—Ä—é–∫–∏, —ç—Ç–∏ —Å–µ–ª–∏ –∏–¥–µ–∞–ª—å–Ω–æ, 29 –Ω–∞ 52 —Ä–∞–∑–º–µ—Ä.",0,"5","1"
"20273979","21 —Å–µ–Ω—Ç—è–±—Ä—è 2019, 12:03","5","–°–ø–∞—Å–∏–±–æ –±–æ–ª—å—à–æ–µ. üíû",0,"2","0"
"18841879","8 —Å–µ–Ω—Ç—è–±—Ä—è 2019, 10:27","5","–®—Ç–∞–Ω–∏—à–∫–∏ –æ—á–µ–Ω—å –∫–∞—á–µ—Å—Ç–≤–µ–Ω–Ω—ã–µ, –Ω–æ –Ω–µ–ø–æ–Ω—è—Ç–Ω–æ –Ω–∞ –∫–æ–≥–æ –ø–æ—à–∏—Ç–æ, –≤ —Ç–∞–ª–∏–∏ –æ—á–µ–Ω—å –±–æ–ª—å—à–∏–µ –∫ –Ω–∏–∑—É –∑–∞—É–∂–µ–Ω–Ω—ã–µ –∏ –∫–æ—Ä–æ—Ç–µ–Ω—å–∫–∏–µ, –º–Ω–µ –ø–æ–∫–∞–∑–∞–ª–æ—Å—å –Ω–∞ –º–∞–ª–µ–Ω—å–∫–æ–≥–æ —Ç–æ–ª—Å—Ç–µ–Ω—å–∫–æ–≥–æ –≥–Ω–æ–º–∏–∫–∞, –æ—Ç–∫–∞–∑.",0,"5","0"
"10666658","6 —Å–µ–Ω—Ç—è–±—Ä—è 2019, 20:40","3","–°—Ç—Ä–µ–π—á –æ—Ç—Å—É—Ç—Å—Ç–≤—É–µ—Ç. –í –∏–∫—Ä–µ –Ω–æ–≥ —É–∑–∫–∏ –∏ –∂–º—É—Ç. –¢–∫–∞–Ω—å –Ω–µ —Ç—è–Ω–µ—Ç—Å—è. –í —Ç–∞–ª–∏–∏ —à–∏—Ä–æ–∫–æ.",0,"2","0"
"19397067","5 —Å–µ–Ω—Ç—è–±—Ä—è 2019, 11:07","5","–ë—Ä—é–∫–∏ —Ö–æ—Ä–æ—à–∏–µ. –ö–∞—á–µ—Å—Ç–≤–æ —Ö–æ—Ä–æ—à–µ–µ, –∫ –ø–æ–∫—É–ø–∫–µ —Å–æ–≤–µ—Ç—É—é. –ë—Ä–∞–ª–∞ –Ω–µ—Å–∫–æ–ª—å–∫–æ –≤–∞—Ä–∏–∞–Ω—Ç–æ–≤ —ç—Ç–æ—Ç —Å–∞–º—ã–π —É–¥–∞—á–Ω—ã–π.",0,"2","0"
"12132794","3 —Å–µ–Ω—Ç—è–±—Ä—è 2019, 14:31","4","–≠—Ç–æ –Ω–µ 46. –≠—Ç–æ 42-44. –ù–µ –≤–µ—Ä–Ω–æ —É–∫–∞–∑–∞–Ω —Ä–∞–∑–º–µ—Ä.–ù–∞ —Ç–∞–ª–∏—é 60 —Å–º.",0,"1","0"
"14134314","23 –∞–≤–≥—É—Å—Ç–∞ 2019, 12:18","5","–ë—Ä—é—á–∫–∏ –ø–æ–Ω—Ä–∞–≤–∏–ª–∏—Å—å. –ü–æ–¥–æ—à–ª–∏ —Ö–æ—Ä–æ—à–æ –Ω–∞ –û–ë 120. –ü–æ –¥–ª–∏–Ω–µ –Ω–∞ —Ä–æ—Å—Ç 168 –ø—Ä–∏—à–ª–æ—Å—å –ø–æ–¥—à–∏—Ç—å. –¶–≤–µ—Ç –∫—Ä–∞—Å–∏–≤—ã–π —Ç–µ–º–Ω–æ-—Å–∏–Ω–∏–π. –≤–µ–ª—å–≤–µ—Ç –∫—Ä–∞—Å–∏–≤—ã–π, –ø—Ä–∞–≤–¥–∞ –Ω–µ–º–Ω–æ–≥–æ —à—É—Ä—à–∏—Ç, –∫–∞–∫ –±—É–º–∞–≥–∞. –ö –ø–æ–∫—É–ø–∫–µ —Ä–µ–∫–æ–º–µ–Ω–¥—É—é!!!!!!",0,"2","1"
"20613616","17 –∞–≤–≥—É—Å—Ç–∞ 2019, 20:46","5","–ë—Ä—é–∫–∏ –æ—Ç–ª–∏—á–Ω—ã–µ. –¶–≤–µ—Ç –≤–∏—à–Ω–µ–≤—ã–π –∫—Ä–∞—Å–∏–≤—ã–π, –≤–Ω—É—Ç—Ä–∏ –≤—Å–µ –∞–∫–∫—É—Ä–∞—Ç–Ω–æ, –º–∏–∫—Ä–æ–≤–µ–ª—å–≤–µ—Ç. –í—Å—é –∂–∏–∑–Ω—å –Ω–æ—à—É –≤–µ–ª—å–≤–µ—Ç–æ–≤—ã–µ –±—Ä—é–∫–∏, –æ–±—ã—á–Ω–æ –ø–æ–∫—É–ø–∞–ª–∞ –≤ –ï–≤—Ä–æ–ø–µ. –≠—Ç–æ –∫–∞—á–µ—Å—Ç–≤–µ–Ω–Ω—ã–µ –±—Ä—é–∫–∏, —Ö–æ—Ç—å –∏ –∏–∑–≥–æ—Ç–æ–≤–ª–µ–Ω—ã –≤ –ö–∏—Ç–∞–µ. –ù–∞ —Ä–æ—Å—Ç 165 –Ω—É–∂–Ω–æ –±—É–¥–µ—Ç —É–∫–æ—Ä–æ—Ç–∏—Ç—å –¥–ª–∏–Ω—É. –ü–æ—Å–∞–¥–∫–∞ –Ω–µ –≤—ã—Å–æ–∫–∞—è, –Ω–æ –¥–ª—è –º–µ–Ω—è —ç—Ç–æ –±–æ–ª—å—à–æ–π –ø–ª—é—Å.",1,"7","1"
"5310972","11 –∞–≤–≥—É—Å—Ç–∞ 2019, 13:42","5","–•–æ—Ä–æ—à–∏–µ –±—Ä—é–∫–∏, –∏–¥–µ–∞–ª—å–Ω–æ –ø–æ–¥–æ—à–ª–∏ –Ω–∞ 54 —Ä–∞–∑–º–µ—Ä",0,"0","0"
"14527180","22 –∏—é–ª—è 2019, 19:26","3","–û–æ–æ–æ–æ—á–µ–Ω—å –±–æ–ª—å—à–∏–µ!!!",0,"0","1"
"17482021","19 –∏—é–ª—è 2019, 9:54","5","–ö–∞—á–µ—Å—Ç–≤–æ –æ—Ç–ª–∏—á–Ω–æ–µ, —Ç–∫–∞–Ω—å –º—è–≥–∫–∞—è,–Ω–æ –Ω–∞ —Ä–æ—Å—Ç 175 –∫–æ—Ä–æ—Ç–∫–∏–µ. –û–¢–ö–ê–ó",0,"2","0"
"1047387","9 –∏—é–ª—è 2019, 14:35","5","–ú–Ω–µ –ø–æ–Ω—Ä–∞–≤–∏–ª–∏—Å—å. –ò–¥—É—Ç –≤ —Ä–∞–∑–º–µ—Ä. –ú–∞—Ç–µ—Ä—å—è–ª –∏ –ø–æ—à–∏–≤ —Ö–æ—Ä–æ—à–∏–π. –¶–µ–Ω–∞ —á—É–¥–æ. –¶–≤–µ—Ç —Å–µ—Ä—ã–π –æ—á–µ–Ω—å –±–ª–∞–≥–æ—Ä–æ–¥–Ω—ã–π.",0,"0","2"
"17377749","3 –∏—é–ª—è 2019, 20:14","2","–°–æ–≤–µ—Ä—à–µ–Ω–Ω–æ –Ω–µ –ø–æ–Ω—Ä–∞–≤–∏–ª–∏—Å—å. –ö–∞—á–µ—Å—Ç–≤–æ - –ø—Ä–∏–≤–µ—Ç –∏–∑ 90-—Ö. –°–∞–º–æ—Å—Ç—Ä–æ–∫... –°–∏–¥—è—Ç –ø–ª–æ—Ö–æ. –°–ø–µ—Ä–µ–¥–∏ - –ø—É–∑—ã—Ä—å, –Ω–æ–≥–∏ –≤–∏–∑—É–∞–ª—å–Ω–æ —Å–¥–µ–ª–∞–ª–∏—Å—å —Ç–æ–ª—â–µ. –û—Ç–∫–∞–∑.",0,"0","3"
"15525641","3 –∏—é–ª—è 2019, 15:36","5","–ù–∞ –ø–∞—Ä–∞–º–µ—Ç—Ä—ã : –æ—Ç 71, –±—ë–¥—Ä–∞ 100, —Ä–æ—Å—Å–∏–π—Å–∫–∏–π 48 —Ä–∞–∑–º–µ—Ä , –ø–æ–¥–æ—à—ë–ª 27. –°–µ–ª–∏ —Ç—é—Ç–µ–ª—å–∫–∞ –≤ —Ç—é—Ç–µ–ª—å–∫—É . –ü–ª–æ—Ç–Ω—ã–µ , –∫–∞—á–µ—Å—Ç–≤–æ —Ö–æ—Ä–æ—à–µ–µ. –ú–∏–Ω—É—Å : –Ω–∞ —Ä–æ—Å—Ç –æ—Ç 175 –∫–æ—Ä–æ—Ç–∫–∏–µ",0,"1","0"
"13609214","29 –∏—é–Ω—è 2019, 16:56","5","–ù–∞ 48 —Ä–∞–∑–º–µ—Ä –ø–æ–¥–æ—à–ª–∏ –±—Ä—é–∫–∏ 27 —Ä–∞–∑–º–µ—Ä–∞, –∫–∞—á–µ—Å—Ç–≤–æ —Ö–æ—Ä–æ—à–µ–µ.",0,"0","0"
"9541297","27 –∏—é–Ω—è 2019, 13:31","5","–ö–∞—á–µ—Å—Ç–≤–æ –æ—á–µ–Ω—å –ø–æ–Ω—Ä–∞–≤–∏–ª–æ—Å—å! –ù–æ –æ–Ω–∏ –±–æ–ª—å—à–µ–º–µ—Ä–∫–∏. –î–∞ –µ—â–µ –ø–æ—Ç—è–Ω—É—Ç—Å—è –≤–æ –≤—Ä–µ–º—è –Ω–æ—Å–∫–∏. –ü–æ—ç—Ç–æ–º—É –æ—Ç–∫–∞–∑. –ü–µ—Ä–µ–∑–∞–∫–∞–∑ –Ω–∞ —Ä–∞–∑–º–µ—Ä –º–µ–Ω—å—à–µ. –ù–æ –æ—á–µ–Ω—å –∂–∞–ª—å —Ç–µ—Ä—è—Ç—å % –≤—ã–∫—É–ø–∞ –∏–∑ –∑–∞ –Ω–µ—Ç–æ—á–Ω–æ—Å—Ç–µ–π –æ–ø–∏—Å–∞–Ω–∏—è —Ç–æ–≤–∞—Ä–∞",0,"0","3"
"15072906","27 –∏—é–Ω—è 2019, 8:51","5","–ö–∞—á–µ—Å—Ç–≤–æ —Ç–∫–∞–Ω–∏ —Ö–æ—Ä–æ—à–µ–µ –∏ –Ω–µ –º–∞–ª–æ–º–µ—Ä–∫–∏ –¥–∞–∂–µ –Ω–∞–æ–æ–±–æ—Ä–æ—Ç ( —É–¥–∏–≤–∏—Ç–µ–ª—å–Ω–æ , —É—á–∏—Ç—ã–≤–∞—è —á—Ç–æ —Å—Ç—Ä–∞–Ω–∞ –ø—Ä–æ–∏–∑–≤–æ–¥–∏—Ç–µ–ª –ö–∏—Ç–∞–π –Ω–∞ 1-2 —Ä–∞–∑–º–µ—Ä–∞ –º–µ–Ω—å—à–µ). 29—Ä–∞–∑. ( —Ä–æ—Å—Å–∏–π—Å–∫–∏–π –±—É–¥–µ—Ç 52),",0,"0","0"
"14858953","19 –∏—é–Ω—è 2019, 18:51","5","–ó–∞–∫–∞–∑—ã–≤–∞–ª–∞ 27 –∏ 28 —Ä–∞–∑–º–µ—Ä—ã. –ù–∞ –û–ë108, –ø–æ –º–æ–µ–º—É 28 —Ä–∞–∑–º–µ—Ä —Å–µ–ª –ª—É—á—à–µ, –µ–≥–æ –∏ –≤–∑—è–ª–∞.",0,"0","0"
"19555360","4 –∏—é–Ω—è 2019, 15:49","5","–ö—É–ø–∏–ª–∞ —Å 3 —Ä–∞–∑–∞!) —Å–Ω–∞—á–∞–ª–∞ –∑–∞–∫–∞–∑–∞–ª–∞ 25, –æ–∫–∞–∑–∞–ª–∏—Å—å –æ—á–µ–Ω—å –º–∞–ª—ã, –∑–∞–∫–∞–∑–∞–ª–∞ 27, –æ–∫–∞–∑–∞–ª–∏—Å—å –±–æ–ª—å—à–∏–µ. –ò —Å —Ç—Ä–µ—Ç—å–µ–≥–æ —Ä–∞–∑–∞ 26 —Ä–∞–∑–º–µ—Ä —Å–µ–ª –∏–¥–µ–∞–ª—å–Ω–æ! –®–∏–∫–∞—Ä–Ω—ã–µ –±—Ä—é–∫–∏!",0,"0","5"
"17988907","29 –º–∞—è 2019, 14:05","3","–®–∏—Ä–æ–∫–∏–π –≤–µ—Ä—Ö, —É–∑–∫–∏–π –Ω–∏–∑. –û—Ç–∫–∞–∑.",0,"1","0"
"15870815","23 –º–∞—è 2019, 19:12","5","–û—á–µ–Ω—å –∫–ª–∞—Å—Å–Ω—ã–µ! –ö–∞—á–µ—Å—Ç–≤–µ–Ω–Ω—ã–µ!! –°—Ç—Ä–æ—á–∫–∞, —à–æ–≤! –ü—Ä–æ—Å—Ç–æ —Å—É–ø–µ—Ä!! –û—Ç–∫–∞–∑- –Ω–µ –ø–æ–¥–æ—â–ª–∏ –ø–æ —Ä–∞–∑–º–µ—Ä—É! –¢–æ–ª–∏ —è –ø—Ä–æ—Ç—É–ø–∏–ª–∞, —Ç–æ –ª–∏ –ø—Ä–æ—Å—Ç–æ -–±–æ–ª—å—à–µ–º–µ—Ä–∫–∏ –±—É–¥—É –∑–∞–∫–∞–∑—ã–≤–∞—Ç—å –Ω–∞ —Ä–∞–∑–º–µ—Ä –º–µ–Ω—å—à–µ. –û—á–µ–Ω—å –Ω–∞–¥–µ—é—Å—å –ø–æ–¥–æ–π–¥—É—Ç!! ‚Äô.",0,"1","1"
"1682163","17 –º–∞—è 2019, 9:05","5","–ë—Ä—é–∫–∏ —Ö–æ—Ä–æ—à–∏–µ, –ø—Ä–∏—è—Ç–Ω—ã–µ —Ç–µ–ª—É. –°–µ—Ä—ã–π —Ü–≤–µ—Ç –Ω–µ —Å–≤–µ—Ç–ª—ã–π, –º–Ω–µ —ç—Ç–æ –∏ –Ω—É–∂–Ω–æ. 26 —Ä–∞–∑–º–µ—Ä –Ω–∞ –º–æ–π 46 —Å–µ–ª –æ—Ç–ª–∏—á–Ω–æ. –ü–æ–¥–æ–π–¥—ë—Ç –¥–µ–≤—É—à–∫–∞–º —Å —à–∏—Ä–æ–∫–∏–º–∏ –±–µ–¥—Ä–∞–º–∏ –ø–æ—Å–∞–¥–∫–∞ —Å—Ä–µ–¥–Ω—è—è",0,"2","0"
"13053916","8 –º–∞—è 2019, 8:10","5","–ù–æ—à—É 48-50, 27 –º–∞–ª, 28 –ø–æ–¥–æ—à—ë–ª –æ—Ç–ª–∏—á–Ω–æ. –ë—Ä—é–∫–∏ –∫–ª–∞—Å—Å–Ω—ã–µ, —Ç–æ–Ω–µ–Ω—å–∫–∏–π, —Å–∏–¥—è—Ç –∏–∑—É–º–∏—Ç–µ–ª—å–Ω–æ. –†–µ–∫–æ–º–µ–Ω–¥—É—é.",0,"0","0"
"233581","14 –º–∞—è 2019, 20:12","5","–ë—Ä—é–∫–∏ –ø–æ–Ω—Ä–∞–≤–∏–ª–∏—Å—å. –¶–≤–µ—Ç —Ç–µ–º–Ω–æ-—Å–∏–Ω–∏–π –æ—á–µ–Ω—å —Ö–æ—Ä–æ—à. –ù–∞ –û–¢=90, –û–ë=114 —Ä-—Ä 30 —Å–µ–ª –∏–¥–µ–∞–ª—å–Ω–æ. –î–µ–π—Å—Ç–≤–∏—Ç–µ–ª—å–Ω–æ (–∫–∞–∫ –ø–∏—Å–∞–ª–∏ –Ω–∏–∂–µ) –æ—á–µ–Ω—å —É–∑–∫–∏–µ –≤–Ω–∏–∑—É. –£ –º–µ–Ω—è –Ω–æ–≥–∏ –¥–æ–≤–æ–ª—å–Ω–æ –ø–æ–ª–Ω—ã–µ –≤ –∏–∫—Ä–µ –∏ –±—Ä—é–∫–∏ –º–Ω–µ –ø–æ–¥–æ—à–ª–∏ —Ç–æ–ª—å–∫–æ –ø–æ—Ç–æ–º—É, —á—Ç–æ —Ä–æ—Å—Ç –º–Ω–µ –≤–µ–ª–∏–∫–æ–≤–∞—Ç. –ê –∫–æ–≥–¥–∞ —É–∫–æ—Ä–æ—Ç–∏–ª–∞, –æ—Ç—Ä–µ–∑–∞–≤ —Å–∞–º—É—é —É–∑–∫—É—é —á–∞—Å—Ç—å, —Ç–æ —Å–µ–ª–∏ –ø—Ä–æ—Å—Ç–æ –æ—Ç–ª–∏—á–Ω–æ. –ö—Å—Ç–∞—Ç–∏, –∑–∞–∫–∞–∑—ã–≤–∞–ª–∞ –µ—â—ë –∫—Ä–∞—Å–Ω—ã–µ –±—Ä—é–∫–∏ –¥—Ä—É–≥–æ–≥–æ –∞—Ä—Ç–∏–∫—É–ª–∞ (–∞—Ä—Ç. 6562308), —Ç–æ—Ç –∂–µ —Ä–∞–∑–º–µ—Ä, –Ω–æ –æ–Ω–∏ —Å–µ–ª–∏ —Ö—É–∂–µ: —Å–ø–µ—Ä–µ–¥–∏. —Å–µ–ª–∏ ""–ø—É–∑—ã—Ä–µ–º"", –∞ —Ç–µ–º–Ω–æ-—Å–∏–Ω–∏–µ —Å–∏–¥—è—Ç —Ö–æ—Ä–æ—à–æ.",0,"1","1"
"4324957","12 –º–∞—è 2019, 15:27","5","–ë—Ä—é–∫–∏ –ø–æ —Ä–∞–∑–º–µ—Ä—É –Ω–µ –ø–æ–¥–æ—à–ª–∏. –ó–∞—è–≤–ª–µ–Ω–Ω–æ–π —Ü–µ–Ω–µ —Å–æ–æ—Ç–≤–µ—Ç—Å—Ç–≤—É–µ—Ç. –¶–≤–µ—Ç –∫–∞–∫ –Ω–∞ —Ñ–æ—Ç–æ.",0,"1","1"
"5329390","6 –º–∞—è 2019, 23:04","4","29- –Ω–∞ 52-54- –Ω–∞ –ø–æ–Ω—ã–Ω–µ –Ω–æ–≥–∏ —Å–µ–ª–∏ –Ω–µ–∫—Ä–∞—Å–∏–≤–æ",0,"0","0"
"12478172","29 –∞–ø—Ä–µ–ª—è 2019, 15:24","3","–Ø —É–¥–∏–≤–ª–µ–Ω–∞ –±—Ä—é–∫–∞–º. –ü–æ —Ä–∞–∑–º–µ—Ä–Ω–æ–π —Å–µ—Ç–∫–µ –Ω–∞ —Ç–∞–ª–∏—é 76 –∏ –±–µ–¥—Ä–∞ 98 –¥–æ–ª–∂–µ–Ω –±—ã–ª –ø–æ–¥–æ–π—Ç–∏ 25 —Ä–∞–∑–º–µ—Ä. –ù–æ –æ–Ω –Ω–µ–≤–µ—Ä–æ—è—Ç–Ω–æ –º–∞–ª, —Ä–∞–∑–º–µ—Ä–∞ –Ω–∞ –¥–≤–∞. –ß–∏—Ç–∞—è –∫–æ–º–º–µ–Ω—Ç–∞—Ä–∏–∏ —è –æ–∂–∏–¥–∞–ª–∞ –±–æ–ª—å—à–∏–µ –±—Ä—é–∫–∏, –∞ —Ç—É—Ç –Ω–∞–æ–±–æ—Ä–æ—Ç. –ö–∞—á–µ—Å—Ç–≤–æ —Ç–∫–∞–Ω–∏ –∏ –ø–æ—à–∏–≤–∞ –æ—á–µ–Ω—å —Ö–æ—Ä–æ—à–µ–µ, –∫–ª–∞—Å—Å–∏—á–µ—Å–∫–∏–π –º—è–≥–∫–∏–π –≤–µ–ª—å–≤–µ—Ç, –Ω–µ —Ç—è–Ω–µ—Ç—Å—è. –ê —Å —Ä–∞–∑–º–µ—Ä–æ–º —Ç–∞–∫ –Ω–µ –ø–æ–≤–µ–∑–ª–æ(",0,"0","0"
"10184314","22 –∞–ø—Ä–µ–ª—è 2019, 18:07","2","—Å–∏–ª—å–Ω–æ –∑–∞—É–∂–µ–Ω—ã –∫ –Ω–∏–∑—É, –≤ –±–µ–¥—Ä–∞—Ö –ø—Ä–æ—Å—Ç–æ –æ–≥—Ä–æ–º–Ω—ã–µ. —Ü–≤–µ—Ç –≥—Ä—è–∑–Ω–æ —Å–µ—Ä—ã–π, –±—É–¥—Ç–æ –∏—Ö —É–∂–µ –Ω–æ—Å–∏–ª–∏.",0,"1","0"
"11716219","22 –∞–ø—Ä–µ–ª—è 2019, 9:43","5","29 —Ä–∞–∑–º–µ—Ä –Ω–∞ –†–æ—Å—Å–∏–π—Å–∫–∏–π 52, –∫–∞–∫ –∏ —É–∫–∞–∑–∞–Ω–æ –≤ –æ–ø–∏—Å–∞–Ω–∏–∏ —Ä–∞–∑–º–µ—Ä–æ–≤. –ó–∞–∫–∞–∑—ã–≤–∞–ª–∞ —Å –æ–ø–∞—Å–∫–æ–π, —á—Ç–æ –∑–∞—É–∂–µ–Ω–Ω—ã–µ –∫–Ω–∏–∑—É –±—Ä—é–∫–∏ –º–Ω–µ –Ω–µ –ø–æ–¥–æ–π–¥—É—Ç, –Ω–æ –∑—Ä—è! –ú–Ω–µ –±—Ä—é—á–∫–∏ –æ—á–µ–Ω—å –ø–æ–Ω—Ä–∞–≤–∏–ª–∏—Å—å, —Å–µ–ª–∏ –æ—á–µ–Ω—å —Ö–æ—Ä–æ—à–æ. –í —Ç–∞–ª–∏–∏ –Ω–µ –≤–ø—Ä–∏—Ç—ã–∫, –Ω–æ –º–µ–Ω—è —É—Å—Ç—Ä–æ–∏–ª–æ. –ï—Å–ª–∏ —Ç–∞–ª–∏—è —è—Ä–∫–æ –≤—ã—Ä–∞–∂–µ–Ω–∞ (–Ω–µ –º–æ–π —Å–ª—É—á–∞–π), —Ç–æ –≤ —Ç–∞–ª–∏–∏ –±—É–¥—É—Ç –±–æ–ª—å—à–∏–µ.",0,"1","1"
"13855190","15 –∞–ø—Ä–µ–ª—è 2019, 17:38","5","–û—Ç–ª–∏—á–Ω–æ —Å–µ–ª–∏ , –Ω–∞ 50—Ä. –ø–æ–¥–æ—à–ª–∏ 28, –¥–ª—è —Ç–µ—Ö —É –∫–æ–≥–æ –µ—Å—Ç—å –∫—Ä–∞—Å–∏–≤–∞—è –ø–æ–ø–∞!",0,"1","1"
"3181826","5 –∞–ø—Ä–µ–ª—è 2019, 15:01","5","–ë—Ä—é–∫–∏ –ø–æ–Ω—Ä–∞–≤–∏–ª–∏—Å—å, —Ç–∫–∞–Ω—å —Ç–æ–Ω–∫–∞—è, –æ—á–µ–Ω—å –∫–æ–º—Ñ–æ—Ä—Ç–Ω–∞—è –∫ —Ç–µ–ª—É. –ù–∞ 46 —Ä–∞–∑–º–µ—Ä –≤–∑—è–ª–∞ 25, —Å —Ç—Ä—É–¥–æ–º –∑–∞—Å—Ç–µ–≥–Ω—É–ª–∏—Å—å, –æ—á–µ–Ω—å –ø–ª–æ—Ç–Ω–æ —Å–µ–ª–∏. –ü–æ—Å–∞–¥–∫–∞ —Å—Ä–µ–¥–Ω—è—è, –∫–Ω–∏–∑—É –±—Ä—é–∫–∏ –∑–∞—É–∂–µ–Ω–Ω—ã–µ, –Ω–∞ —Ä–æ—Å—Ç 168 –¥–ª–∏–Ω–∞ –≤ —Å–∞–º—ã–π —Ä–∞–∑! –ü–µ—Ä–µ–∑–∞–∫–∞–∂—É –Ω–∞ 26 —Ä–∞–∑–º–µ—Ä.",0,"3","0"
"4535509","18 –º–∞—Ä—Ç–∞ 2019, 8:29","5","–ë—Ä—é–∫–∏ 29 —Ä–∞–∑–º–µ—Ä –ø–æ–¥—Ö–æ–¥–∏—Ç –Ω–∞ –Ω–∞—à 50/52 ,–Ω–æ –º–Ω–µ –Ω–∞ –º–æ–π –≤—ã—Å–æ–∫–∏–π —Ä–æ—Å 178 –∫–æ—Ä–æ—Ç–∫–∏–µ –æ–∫–∞–∑–∞–ª–∏—Å—å, –ø–æ—ç—Ç–æ–º—É –∏ –Ω–µ –≤–∑—è–ª–∞ !!!",0,"3","1"
"1354493","3 —Ñ–µ–≤—Ä–∞–ª—è 2019, 22:39","5","–ü–µ—Ä–µ–∑–∞–∫–∞–∑–∞–ª–∞ –Ω–∞ —Ä27.–£ –º–µ–Ω—è —Ç–∞–ª–∏—è 78,–±–µ–¥—Ä–∞ 95.—Ä–∞–∑–º–µ—Ä26 —Å–∏–ª—å–Ω–æ –æ–±—Ç—è–Ω—É–ª,–∫–∞–∫ —Ä–µ–π—Ç—É–∑—ã.–≤–µ–ª—å–≤–µ—Ç —Ç—è–Ω–µ—Ç—Å—è,–≤–Ω–∏–∑—É —Å–∏–ª—å–Ω–æ —É–∑–∫–∏–µ,–ø–æ—Å–∞–¥–∫–∞ –Ω–∞ –±–µ–¥—Ä–∞—Ö.–Ω–µ –ª—é–±–ª—é –æ–±–ª–µ–≥–∞—é—â–∏–µ —à—Ç–∞–Ω—ã,–Ω–æ —ç—Ç–∏ –ø–æ–Ω—Ä–∞–≤–∏–ª–∏—Å—å,–Ω–µ –ø–æ–ª–Ω—è—Ç.–ë—Ä–∞–ª–∞ –∏–∑ –≤–µ–ª—å–≤–µ—Ç–∞ –¥—Ä—É–≥—É—é –º–æ–¥–µ–ª—å –∏ –Ω–æ—à—É –≤—Å—é –∑–∏–º—É,–æ—á–µ–Ω—å —Ç–µ–ø–ª—ã–µ,–Ω–µ —Ç–æ–ª—Å—Ç—ã–µ,–∫–æ–ª–µ–Ω–∏ –Ω–µ –æ–±–≤–∏—Å–∞—é—Ç,—Å–∏–ª—å–Ω–æ –Ω–µ —Ä–∞—Å—Ç—è–≥–∏–≤–∞—é—Ç—Å—è.–Ω–µ –≤—ã—Ç–µ—Ä–∞—é—Ç—Å—è,–ø–æ—Å–ª–µ —Å—Ç–∏—Ä–∫–∏ –Ω–µ —Å–µ–ª–∏,–≥–ª–∞–¥–∏—Ç—å –Ω–µ –Ω–∞–¥–æ",0,"3","1"
"6886733","2 —Ñ–µ–≤—Ä–∞–ª—è 2019, 12:16","5","–ß—É–¥–µ—Å–Ω—ã–µ –±—Ä—é–∫–∏, –∑–∞–Ω–∏–∂–µ–Ω–Ω–∞—è —Ç–∞–ª–∏—è, –Ω–∞ —Ä–æ—Å—Ç 171 —Ä–æ–≤–Ω–æ –ø–æ —â–∏–∫–æ–ª–æ—Ç–∫—É.",0,"4","1"
"12400258","20 –Ω–æ—è–±—Ä—è 2018, 9:17","5","–ë—Ä—é–∫–∏ –Ω–µ–ø–ª–æ—Ö–∏–µ, –Ω–æ —Ä–µ–∞–ª—å–Ω–æ –æ–æ–æ—á–µ–Ω—å –±–æ–ª—å—à–∏–µ! –†–∞–∑–º–µ—Ä 30 - —ç—Ç–æ –Ω–µ —Å–æ–≤—Å–µ–º –Ω–µ 48-50 —Ä–∞–∑–º–µ—Ä, –∞ –ø–æ–ª–Ω—ã–π 54 ! –ü–æ—ç—Ç–æ–º—É –æ—Ç–∫–∞–∑.–£–≤–∞–∂–∞–µ–º—ã–π –º–∞–≥–∞–∑–∏–Ω, –ø–æ–∂–∞–ª—É–π—Å—Ç–∞, –ø–µ—Ä–µ—Å–º–æ—Ç—Ä–∏—Ç–µ —Ä–∞–∑–º–µ—Ä–Ω—É—é —Å–µ—Ç–∫—É.–û–±–∏–¥–Ω–æ –∏–∑-–∑–∞ —Ç–∞–∫–∏—Ö –Ω–∞–∫–ª–∞–¥–æ–∫ —Ç–µ—Ä—è—Ç—å –ø—Ä–æ—Ü–µ–Ω—Ç –≤—ã–∫—É–ø–∞.",0,"3","1"
"10831438","15 –Ω–æ—è–±—Ä—è 2018, 11:30","4","–î–∂–∏–Ω—Å—ã –¥–µ–π—Å—Ç–≤–∏—Ç–µ–ª—å–Ω–æ –±–æ–ª—å—à–µ–º–µ—Ä—è—Ç. –û–±—ã—á–Ω–æ –±–µ—Ä—É 27 —Ä–∞–∑–º–µ—Ä —ç—Ç–æ–π —Ñ–∏—Ä–º—ã, –Ω–æ –≤ —ç—Ç–æ—Ç —Ä–∞–∑ –æ–Ω –æ–∫–∞–∑–∞–ª—Å—è –±–æ–ª—å—à–∏–º. 26 —Ä–∞–∑–º–µ—Ä —Å–µ–ª —Ö–æ—Ä–æ—à–æ. –î–∂–∏–Ω—Å—ã —Ç–æ–Ω–∫–∏–µ, –ø–æ–¥–æ–π–¥—É—Ç –Ω–∞ –ª–µ—Ç–æ, –∞ —è –∏—Å–∫–∞–ª–∞ —Å–µ–±–µ –±–æ–ª–µ–µ –ø–ª–æ—Ç–Ω—ã–µ –¢—è–Ω—É—Ç—Å—è –ø–ª–æ—Ö–æ, –ø–æ—ç—Ç–æ–º—É –º–Ω–µ –æ–∫–∞–∑–∞–ª–∏—Å—å –Ω–µ–∫–æ–º—Ñ–æ—Ä—Ç–Ω—ã–º–∏. –ù–æ –≤ –æ–±—â–µ–º —Å–º–æ—Ç—Ä—è—Ç—Å—è –Ω–µ –ø–ª–æ—Ö–æ.",0,"5","1"
"13193176","29 –æ–∫—Ç—è–±—Ä—è 2018, 15:08","3","–û–Ω–∏ —Ä–µ–∞–ª—å–Ω–æ –æ—á–µ–Ω—å –±–æ–ª—å—à–∏–µ, –Ω–∞ –û–¢ 88, –û–ë 118 –≤ —Ä–∞–∑–º–µ—Ä–µ32 —è —É—Ç–æ–Ω—É–ª–∞, –Ω–∞ —Ä–æ—Å—Ç 164 –¥–ª–∏–Ω–∞ –ø–æ —â–∏–∫–æ–ª–æ—Ç–∫—É, —Ö–æ—Ç–µ–ª–æ—Å—å –±—ã –Ω–∞ –æ—Å–µ–Ω—å –ø–æ–¥–ª–∏–Ω–Ω–µ–µ, –æ—Ç–∫–∞–∑.",0,"4","1"
"14823186","27 –æ–∫—Ç—è–±—Ä—è 2018, 23:27","5","–ë—Ä—é–∫–∏ —Ö–æ—Ä–æ—à–∏–µ , –Ω–æ –º–Ω–µ –Ω–∞ 50 —Ä–∞–∑–º–µ—Ä, 31,30 –æ—á–µ–Ω—å –±–æ–ª—å—à–∏–µ, –í 30 —Ä–∞–∑ –≤ —Ç–∞–ª–∏–∏ –Ω–æ—Ä–º–∞–ª—å–Ω–æ –∑–∞—Å—Ç–µ–≥–Ω—É–ª–∏—Å—å, –Ω–æ –≤ –ø–æ—è—Å–µ —Å–∑–∞–¥–∏ —Ç–æ–ø–æ—Ä—â–∞—Ç—Å—è —Å–∏–ª—å–Ω–æ .",0,"2","2"
"6962088","21 –æ–∫—Ç—è–±—Ä—è 2018, 16:41","4","–°–æ–≥–ª–∞—Å–Ω–∞ —Å–æ –≤—Å–µ–º–∏ –æ—Ç–∑—ã–≤–∞–º–∏, –±–æ–ª—å—à–µ–º–µ—Ä—è—Ç —É–∂–∞—Å–Ω–æ. –í —Ç–∞–ª–∏–∏ 29 —Ä–∞–∑–º–µ—Ä –ø—Ä–∏–º–µ—Ä–Ω–æ –Ω–∞ –æ–±—ä–µ–º 100 –∫–∞–∫ –º–∏–Ω–∏–º—É–º. –ê –≤ —Ü–µ–ª–æ–º –±—Ä—é—á–∫–∏ —Ö–æ—Ä–æ—à–∏–µ. –û—Ü–µ–Ω–∫—É —Å–Ω–∏–∑–∏–ª–∞ –∑–∞ –Ω–µ—Å–æ–æ—Ç–≤–µ—Ç—Å—Ç–≤–∏–µ —Ä–∞–∑–º–µ—Ä–Ω–æ–π —Å–µ—Ç–∫–µ",0,"3","2"
"4876883","14 –æ–∫—Ç—è–±—Ä—è 2018, 14:47","5","–û—Ç–ª–∏—á–Ω—ã–µ –±—Ä—é–∫–∏, –Ω–æ —Ä–∞–∑–º–µ—Ä–Ω–∞—è —Å–µ—Ç–∫–∞ –≤–æ–æ–±—â–µ –Ω–µ —Å–æ–æ—Ç–≤–µ—Ç—Å—Ç–≤—É–µ—Ç. –í—Å–µ–≥–¥–∞ –±—Ä–∞–ª–∞ –¥–∂–∏–Ω—Å—ã 31. –ó–∞–∫–∞–∑–∞–ª–∞ 31 –∏ 32 —Ä–∞–∑–º–µ—Ä. 31 –±–æ–ª—å—à–æ–π –Ω–∞ 1-2 —Ä–∞–∑–º–µ—Ä–∞. –ü–µ—Ä–µ–∑–∞–∫–∞–ª–∞ –Ω–∞ 29. 32 –≤–Ω–µ—à–Ω–µ –≤—ã–≥–ª—è–¥–∏—Ç –Ω–∞ 56",0,"4","1"
"4536707","14 –æ–∫—Ç—è–±—Ä—è 2018, 14:45","4","–û–Ω–∏ –æ—á–µ–Ω—å –±–æ–ª—å—à–∏–µ. –ü—Ä–æ—Å—Ç–æ –æ—á–µ–Ω—å-–æ—á–µ–Ω—å",0,"3","3"